1879819804,Zane Turner Sr.
1823406802,Ms. Laney Runolfsdottir
1155088034,Taylor Carroll
1143269736,Mrs. Genesis Ritchie
1492719172,Ambrose Bechtelar
1565021812,Trevion Dicki
1183757936,Alysa Veum
1726518464,Mr. Casimir Effertz
1867621248,Darron Marquardt
1701144623,Art Ledner
1164092650,Bryana Effertz
1630203896,Rebeka Rempel Sr.
1081718620,Marc Thompson
1468341450,Eden Daniel
1132937106,Carlotta Kshlerin
1963550884,Ally Hoppe
1496155632,Ms. Loma Gerhold MD
1347472900,Margie Gibson
1433250014,Ms. Florence Auer II
1253197117,Henry Huels
1783066864,Dr. Hildegard Ziemann
1787447437,Cynthia Funk
1030267777,Dr. Katlynn Denesik I
1868829615,Marta Leannon
1651394859,Tomas Ferry Jr.
1232697193,Enrique O'Reilly V
1037134194,Miss Theresia Moore I
1719911076,Emie Watsica
1172272991,Ms. Alberta Vandervort II
1463374416,Sigrid Crist
1711684851,Kurt Parker
1922686184,Mr. Don Lebsack
1921181574,Aracely Willms
1322793119,Mrs. Cleta Spencer
1418458526,Marianna Conroy
1253311311,Austin Mante
1581289961,Warren Barrows
1882966256,Dr. Providenci Altenwerth
1749556754,Dr. Larry Fahey Sr.
1241716542,Prof. Turner Johnson
1584050117,Dejon Reichert
1452538284,Prof. Damian Langosh III
1793808693,Evalyn Langworth
1007686073,Mr. Jamey Becker
1476057158,Prof. Jeramy Turcotte
1116791947,Tom Moore
1189874798,Imogene Medhurst MD
1883568534,Emmett Bernier IV
1654808974,Vada Jaskolski
1019354671,Trevion Schuppe
1915724187,Ofelia Doyle
1534477525,Prof. Bell Schoen
1454093252,Prof. Cade Upton
1088095100,Cindy Keebler
1949561187,Noble Friesen
1863697874,Dr. Jocelyn Lockman
1574416234,Quincy Jaskolski
1489834178,Twila Cartwright
1512507994,Ofelia Hamill
1957442956,Polly Kunze
1524760389,Lia Jakubowski
1522571780,Oswald Ebert
1080217662,Elise Schumm
1940456760,Elliot Bosco
1196545147,Geraldine Ratke
1187565046,Dr. Carissa Williamson
1428422592,Shania Jacobs I
1782923236,Angus Morissette
1363788547,Liam Sauer DDS
1380191572,Tejan Gandhi
1603562301,Amya Goyette
1456195942,Christop Schmitt
1471907445,Dr. Angela Towne
1551742076,Luigi Fadel
1768159988,Lessie Cummings IV
1400479209,Miller Luettgen
1712120764,Carlie Hand
1590267371,Nicholaus Adams
1234680512,Mrs. Jewell Bernhard I
1546992749,Demetris Sawayn
1939950878,Evelyn Jacobson
1266964818,Eusebio Kohler Sr.
1276685223,Melany Schumm
1074917873,Prof. Devon Murphy
1147364971,Mr. Theo Raynor
1189588412,Prof. Sydney Gleichner PhD
1524630725,Kevon Zieme
1838809694,Lawson Sawayn Jr.
1081795841,Bailee Huels
1017787990,Ms. Delpha Kulas IV
1326715295,German Zemlak
1583840933,Mr. Hipolito Pagac
1725936915,Monserrate Hegmann
1373341353,Skyla Hilpert
1507438792,Elyse Pacocha
1614074765,Marcia Corkery I
1943952891,Dr. Randi Murphy II
1283362862,Mr. Dante Borer
1758819688,Wilbert Klocko IV
1300200061,Dr. Joana Bailey III
1284007753,Sophie Pfeffer
1388964884,Ms. Nina Cassin
1332732998,Reynold Rosenbaum V
1765799718,Gay Walsh
1142619606,Lowell Turcotte
1132258971,Alisha Champlin
1861064657,Dr. Lloyd Schaefer
1866684760,Aisha Kovacek IV
1263298620,Mattie Kozey
1740088953,Ms. Ashly Bogisich I
1461183998,Hosea Terry
1439893040,Merritt Kerluke
1883602114,Dr. Hunter Hartmann
1641446964,Mr. Terrance Schaden
1237265355,Norris Predovic
1780264791,Margarett Prohaska
1482066393,Dr. Ricky Trantow
1373529262,Seamus Wilkinson
1993094231,Regan Moore
1501265767,Ms. Heaven Fahey
1097842424,Hal Wunsch
1129331788,Elouise Konopelski
1544142970,Isidro Funk
1334586678,Bridgette Leffler
1347719133,Murray Aufderhar
1706535740,Mrs. Stephania Turner MD
1921146544,Minnie Hirthe
1865057731,Mr. Geovanni Dietrich
1494483400,Rudolph Torp
1422541255,Lindsey Shields
1734114673,Beth Monahan
1510727409,Luciano Graham
1168518611,Michel Nader
1583072356,Shad Feest
1083290742,Mrs. Maribel Marks
1222271493,Miller Bauch
1410680428,Merlin Schamberger Jr.
1735956624,Deron Kuhic II
1456899712,Quinn Quitzon MD
1222161102,Tommie Armstrong
1191530682,Corbin Fisher III
1756995875,Vena Wolf
1709247592,Jacynthe Runolfsson
1945776629,Jonathon Heathcote
1407006030,Camryn Hartmann
1895414307,Prof. Flavio Hauck
1947436784,Elian Greenfelder
1363153997,Miss Karina Morar
1575246838,Mr. Madisen Goodwin DVM
1777817097,Prof. Marcelo O'Hara Sr.
1679029643,Dexter Roob I
1710637495,Braden Tillman
1921630730,Eloisa Brakus
1788883375,Otis Jacobs
1295955649,Zackary Sawayn V
1829565948,Dale Schoen
1234123828,Prof. William Schimmel
1577262733,Aurelie Kozey
1969738293,Octavia Heaney
1343048825,Mrs. Lyla Hartmann MD
1111197993,Prof. Domenic Ferry
1877977270,Richmond Pfannerstill
1967999688,Cortney Heaney
1940839607,Carlie Schinner DDS
1916760114,Dr. Deborah Parker
1100663357,Treva Grimes
1305535006,Marcelle Bartell
1679804650,Milton Hyatt
1249578505,Miss Alvera Schamberger
1070184876,Lacy Beer MD
1894834469,Lawrence Powlowski
1705156220,Albert Ebert
1617469459,Dr. Tatyana Barrows V
1153846740,Prof. Terrence Franecki
1585650117,Elias Haag
1624877607,Mr. Uriel Koss
1461941591,Zack Langosh
1524617492,Noel Quitzon
1138293759,Dr. Akeem Konopelski
1583604497,Anika Buckridge
1301720925,Laurel Kuhlman
1818201714,Prof. Sophia Windler
1472286706,Ms. Makenzie Veum
1747282771,Fiona Konopelski MD
1199175527,Kaleb Hills
1046943682,Lester Senger
1988589641,Linwood Hickle V
1168353312,Nayeli Huels
1783958516,Mr. Bennett Sporer
1059299649,Ms. Audra Emmerich
1050287725,Catherine Osinski III
1699158376,Dr. Edd Huels
1538615648,Mr. Giles Carter
1816214872,Miss Laila O'Connell
1186900534,Haskell Bechtelar
1490232031,Cathrine Quigley
1673854519,Dr. Rodrick Jacobson IV
1585236840,Hilda Bruen
1781465569,Ida Koelpin
1088006861,Birdie Lang
1932790046,Alek Steuber
1945330390,Ms. Tracy Gorczany PhD
1313249206,Laurine Hintz DDS
1604387703,Prof. Stuart Upton Sr.
1135246618,Kaci Nienow
1768636935,Ms. Meda Hegmann
1676074915,Mckenna Raynor
1927430605,Miss Anahi Zemlak
1124259085,Ms. Delpha Kertzmann
1676401297,Craig Ferry
1423233817,Miss Abigail Welch
1301866114,Joe Luettgen
1859480226,Vickie Sanford
1021576547,Mr. Joesph Waters II
1981780377,Rosalinda Harris
1303920530,Wendell Volkman
1333785850,Lafayette Champlin
1159098210,Kyla Osinski
1201776421,Miss Yoshiko Schroeder PhD
1015841937,Emanuel Paucek
1702045386,Adolphus Moen
1784565346,Freddie Beahan I
1745854741,Jarrell Wunsch IV
1552865739,Ms. Dolly O'Hara
1231947605,Elvis Tremblay
1388658390,Mrs. Baby Legros MD
1851980534,Fiona Dicki
1808451316,Dillon Heaney
1361110668,Jessie Paucek
1393270050,Prof. Myrl Gulgowski Sr.
1731863883,Peyton Sporer
1686564990,Charlie Borer
1766368077,Jeremie Wiza
1919246874,Ms. Astrid Shanahan DVM
1676707454,Gilberto Haag Jr.
1572496444,Jacinto Schroeder
1463286258,Beverly Wyman
1425390566,Shanon Zemlak
1858117311,Mr. Tremayne Erdman
1454078866,Annabelle Thiel
1728223297,Cyril Weber
1533833621,Alexandria Wiza
1023570553,Susie Flatley
1621499553,Meagan Hackett Sr.
1167076599,Jonathan Crooks
1811442386,Helga Doyle
1247593888,Prof. Emmanuelle Schmidt
1252970114,Felicia Paucek
1754970162,Jett Jakubowski
1942836810,Marcelle Waters I
1334046716,Prof. Aaron Zulauf
1006252315,Dr. Watson Connelly
1467804862,Larry Ernser
1585208054,Griffin Grady
1007059618,Roselyn Stamm
1282354431,Kian Rohan
1847662471,Dr. Amani Gleason II
1484848955,Prof. Lessie Wilkinson
1779907565,Micaela Bogan V
1244449760,Kiel Pfannerstill IV
1063055032,Dessie Renner
1296240339,Prof. Dock Kovacek DDS
1095510701,Romaine Cummings
1141020981,Dr. Jessie McKenzie DDS
1892450188,Dr. Margarette Barrows DVM
1130785539,Mrs. Myrtle Veum DDS
1524433170,Margie Rogahn
1456349534,Karlee Harber DVM
1241363583,Prof. Carter O'Hara II
1459188974,Mya Will
1151510747,Mrs. Annamarie Harber
1547710838,Alvis Romaguera
1116170470,Charley Reichert PhD
1878788478,Emil Hansen IV
1356881064,Miss Abigail Ernser DDS
1757195503,Gabrielle West
1594963823,Dr. Reymundo Welch Sr.
1125887096,Austen Runolfsson
1106374747,Michale Stokes
1491308490,Talon Beatty
1470950940,Haylee Bernier Sr.
1536258530,Genesis Mitchell
1493121194,Dr. Peter Monahan
1759384563,Dr. Rahsaan Quigley IV
1542882387,Ms. Henriette Kohler
1762402108,Kian Bode
1087561253,Jordane Hessel
1445586718,Prof. Imogene Schoen
1856091777,Malachi Gleason
1919061766,Benny Tromp
1146783186,Tanya Durgan Jr.
1565888594,Kavon Gleichner
1243044916,Liam Quitzon Sr.
1820342253,Abner Carroll
1170619061,Ms. Shannon Jerde
1704174071,Heloise Dooley
1215756724,Norma Kling
1836243586,April Morar
1711713473,Judy Reilly
1838395082,Shayne Hauck MD
1592779718,Ms. Chanel Dibbert PhD
1748370148,Odie Robel
1042771041,Vivian Ullrich
1311854336,Prof. Ulices Medhurst
1954250628,Ms. Hallie Glover Jr.
1063845484,Maxwell Jacobi V
1203444128,Odell Pouros
1219086083,Leonor Kiehn
1047147340,Mrs. Caroline Romaguera
1299415826,Julianne Fay II
1390373556,Prof. Mateo Barrows Sr.
1755623909,Liza Simonis
1617369438,Miss Vincenza Bashirian
1812177494,Alvena Cartwright
1728674591,Dr. Fanny Jast V
1919126716,Kaley Klein Jr.
1445458214,Dr. Walker Heller
1742204977,Mr. Buddy Cassin
1884968836,Lamont Bahringer
1056328376,Simeon Becker
1325860459,Emilie Mayert
1907158475,Prof. Rita Cole MD
1470214379,Gerry Prohaska
1065550651,Rosemarie Heller
1987562798,Eudora Ortiz III
1604987876,Mable Stroman
1708861703,Keara Monahan
1307154003,Stephanie Reinger
1160424399,Prof. Savanna Williamson Jr.
1728674955,Carolina Herman
1932493333,Marty Thompson
1502552733,Christopher Ratke I
1726102985,Dr. Verona Collins Sr.
1096200808,Wilbert Smith
1898578079,Jose Littel
1703511543,Halle Daniel
1660998425,Ms. Myriam McLaughlin
1206978513,Osvaldo Gleichner
1707063392,Lisandro Bernier
1165736461,Prof. Alvah Carter PhD
1257701165,Bell Muller
1069487551,Dr. Annetta Powlowski
1072210438,Ms. Rebecca Herman
1108429450,Erling Koss
1066722618,Armand Runte
1529005973,Bennett Ledner
1120999113,Genoveva Brakus
1097168959,Dr. Matilde Abbott III
1299542070,Maymie Rutherford
1513415161,Cyril Bergnaum MD
1576741106,Jacklyn Stoltenberg
1088901914,Dixie Fritsch II
1604685750,Elise Wiza
1001991772,Mr. Emmet Pfeffer
1324462839,Christelle Morar MD
1034787430,Hillary Willms
1828073268,Ima Shanahan
1889947131,Prof. Toney Barrows V
1286654664,Prof. Jacynthe Kautzer I
1178085389,Alfredo Heidenreich
1693089006,Prof. Jamison Collins
1603554184,Mr. Jo Boyer I
1243045598,Dr. Cesar Schumm
1616739335,Carolina Watsica Jr.
1279684066,Guy Erdman
1525503514,Asa Kreiger II
1536971329,Prof. Jasper Gerhold II
1316743284,Ezekiel Feest
1017633928,Jalen Jakubowski
1476574320,Ms. Filomena Wunsch
1996690266,Dr. Verner Balistreri Jr.
1660220411,Marilyne Hilpert
1764637442,Assunta Kling
1753860583,Abelardo Heller Sr.
1151292021,Merlin Lemke
1874039360,Miss Kyla Olson III
1162319257,Conner Grant
1431757006,Fletcher Haag
1929498574,Dr. Gabriel Zemlak III
1946492719,Kristina Witting
1259768613,Marietta Harvey
1098451761,Nikolas Windler
1893902368,Dr. Thurman Morissette DDS
1832609587,Juwan Stiedemann
1911648609,Cheyanne Brekke
1260320570,Conrad Bahringer
1381621888,Erika Koelpin
1646418194,Harley Lemke
1603635234,Tate Howe
1584528434,Mr. Michael Feeney II
1520338016,Wilmer Lesch
1372556821,Anjali Hoppe
1786597978,Lauryn Frami
1622758534,Maryse Hagenes V
1200134167,Lura Reichert
1242736743,Rocio Kertzmann
1148861024,Johnathan Kling
1284344199,Kenyatta Hamill
1904232877,Leanna Graham
1814304839,Taurean Tremblay
1742969677,Herminio Borer
1782848192,Loma Swaniawski
1243770223,Elisha Tromp
1846101964,Evangeline Howe III
1955113176,Dr. Wilton Kunze
1006138352,Piper Kilback
1938769307,Prof. Anna Dickinson I
1810529058,Prof. Richmond Hintz
1645117466,Elza Hirthe
1274913161,Dr. Wilfredo Eichmann
1340307641,Blaise Crist
1375000424,Vesta Kunde DVM
1217950881,Amari Dickinson
1384797822,Shaylee Lakin
1916677922,Prof. Gina Barton
1389856850,Deion Orn II
1392398026,Mrs. Alvina Walker V
1299682713,Prof. Jabari Collier I
1166560181,Clovis O'Keefe
1920593276,Oran Farrell MD
1632294548,Dr. Mckayla Cruickshank
1517494209,Alek Stiedemann
1201577444,Rafael Douglas
1895050012,Dr. Earline Fritsch II
1352782149,Syble Renner
1441669001,Gideon Denesik
1729849667,Lisa Denesik
1175362122,Dr. Abigail Mraz
1659860452,Cynthia Runte IV
1292652138,Conner Stokes
1723012534,Desiree Schumm
1381837105,Modesto Gleason
1569945191,Kitty Bashirian
1610344198,Agnes Davis IV
1165644146,Mrs. Eden Bruen
1009741002,Ima Considine II
1414192314,Neal Jacobi
1860602536,Charity Mitchell
1992880566,Mr. Erling Treutel
1216216607,Ron Romaguera DDS
1184772797,Miss Alexandrine Williamson
1440688450,Prof. Garrett Runte
1225094169,Deangelo Stamm
1801295747,Keara Schmitt
1376001528,Alek Heaney
1522973007,Maryjane Quigley
1390955764,Rex Rath III
1982603427,Layla Auer I
1243274225,Dr. Ali Bartoletti
1587145805,Heaven Fadel
1601582121,Lily Kessler
1880841070,Dovie Gottlieb
1167812723,Dakota Lebsack
1579909912,Mckenna Bahringer
1106704130,Reyna Stark II
1702716198,Lora Dibbert
1495180718,Johnson Frami
1203508450,Dr. Lauren Bauch
1344833112,Hosea Hintz V
1638379485,Adah Miller
1743500786,Margret Simonis PhD
1252640061,Jamir Thiel IV
1439238806,Ronny Yost
1985769389,Miss Abigale Stehr
1753117148,Ms. Assunta Ortiz V
1432445839,Dr. Fatima Reichert
1134112704,Abdul Schaden
1082512360,Mrs. Reta Klein PhD
1905603894,Abbey Stokes
1517608825,Madeline Heathcote
1370383510,Wendy Gorczany
1925244228,Jamarcus Collier
1286236125,Casimir Kohler
1491892670,Macy Mann
1055746143,Ms. Beryl Fritsch
1432415700,Dr. Cornelius Pfeffer DDS
1349801840,Dr. Harley Dare
1240484733,Aubrey Schinner
1119106095,Mrs. Virgie Bartoletti DDS
1378603750,Hailie Jenkins
1985001246,Miss Berneice Schultz Sr.
1439648347,Markus Bogisich
1225911681,Monique Harber
1568200285,Toney Sauer
1286857408,Samantha Kuphal
1433085178,Marjory Nitzsche II
1868391155,Emiliano Cassin
1814390679,Ernestine Davis
1263315650,Vicky Will
1769586198,Dr. Aurelio Borer
1072127470,Raegan Schamberger
1559236065,Pierce Wunsch
1934901489,Jaeden Schiller
1649175910,Marty Koss
1712049337,Jillian Larkin II
1503675494,Maurice Schuppe
1771589554,Stephania Towne
1200664766,Mr. Turner Sanford IV
1358327198,Valentin Leuschke
1541410852,Prof. Gideon White
